"Links","Images","Title","Price","Rating"
"https://amazon.com/sspa/click?ie=UTF8&spc=MTo2MjI1NjI1OTk3NDE4Nzk5OjE3MzE5MzE5Mzk6c3BfYXRmX2Jyb3dzZTozMDA0MjM5OTkzMTU2MDI6OjA6Og&url=%2FStauer-Automatic-Gold-Finished-Graves-Wristwatch%2Fdp%2FB07P1B9DXD%2Fref%3Dsr_1_1_sspa%3Fdib%3DeyJ2IjoiMSJ9.r1thC-1IZxdNvm6vKWcrhmfgQrq-9RhsddyM1bKXXyYd4YA3tjWi6gMwyJGzvhtZ6KwPv-L7fXXPgBScbd1YHjzM1fkxgsuWt_oOePA5-136MYfEUTd2DAbU53no6h_v5KEw5HnM-WK8iOkwWj83lsOqN0hQV4EYNbKTwlXanTSE_s0h05_XuA2m4pETVQt1tB7y-bO7HQcUI7ZHATGa0LFp8Eg8SX-Pb8mMZRvgxOsIzTxbf3lrZ4k6cjNiGcWzTlKmBia9ZjCzvfjUAT_Q7gWL3PDMXieu65JzhsxyRAk.w5BTtR7BE0xoj_SgRQH_XTOjBr-PTRkrBuGKoY3nKAE%26dib_tag%3Dse%26qid%3D1731931939%26s%3Dfashion-mens-intl-ship%26sr%3D1-1-spons%26sp_csd%3Dd2lkZ2V0TmFtZT1zcF9hdGZfYnJvd3Nl%26psc%3D1","https://m.media-amazon.com/images/I/71nJsXn3XHL._AC_UL320_.jpg","Stauer Gold Finished Graves '33 Wristwatch – Automatic Watch for Men with 39mm Gold Finished Casing – Moon Phase Watch with Brown Leather Band","199.","4.2 out of 5 stars"
"https://amazon.com/sspa/click?ie=UTF8&spc=MTo2MjI1NjI1OTk3NDE4Nzk5OjE3MzE5MzE5Mzk6c3BfYXRmX2Jyb3dzZTozMDAyMDY5MDQwNjk3MDI6OjA6Og&url=%2FOLEVS-Watches-Minimalist-Fashion-Waterproof%2Fdp%2FB0BM4B78QC%2Fref%3Dsr_1_2_sspa%3Fdib%3DeyJ2IjoiMSJ9.r1thC-1IZxdNvm6vKWcrhmfgQrq-9RhsddyM1bKXXyYd4YA3tjWi6gMwyJGzvhtZ6KwPv-L7fXXPgBScbd1YHjzM1fkxgsuWt_oOePA5-136MYfEUTd2DAbU53no6h_v5KEw5HnM-WK8iOkwWj83lsOqN0hQV4EYNbKTwlXanTSE_s0h05_XuA2m4pETVQt1tB7y-bO7HQcUI7ZHATGa0LFp8Eg8SX-Pb8mMZRvgxOsIzTxbf3lrZ4k6cjNiGcWzTlKmBia9ZjCzvfjUAT_Q7gWL3PDMXieu65JzhsxyRAk.w5BTtR7BE0xoj_SgRQH_XTOjBr-PTRkrBuGKoY3nKAE%26dib_tag%3Dse%26qid%3D1731931939%26s%3Dfashion-mens-intl-ship%26sr%3D1-2-spons%26sp_csd%3Dd2lkZ2V0TmFtZT1zcF9hdGZfYnJvd3Nl%26psc%3D1","https://m.media-amazon.com/images/I/61ccB6-qiYL._AC_UL320_.jpg","OLEVS Mens Watches Date Ultra Thin Minimalist Fashion Casual Analog Quartz Watch Slim Simple Big Face Waterproof Dress Wrist Watches with Leather Band for Men (F)","39.",""
"https://amazon.com/sspa/click?ie=UTF8&spc=MTo2MjI1NjI1OTk3NDE4Nzk5OjE3MzE5MzE5Mzk6c3BfYXRmX2Jyb3dzZTozMDAyNTcyNzg0OTIyMDI6OjA6Og&url=%2FOUPINKE-Automatic-Mechanical-Wristwatch-Waterproof%2Fdp%2FB0C7GY87D1%2Fref%3Dsr_1_3_sspa%3Fdib%3DeyJ2IjoiMSJ9.r1thC-1IZxdNvm6vKWcrhmfgQrq-9RhsddyM1bKXXyYd4YA3tjWi6gMwyJGzvhtZ6KwPv-L7fXXPgBScbd1YHjzM1fkxgsuWt_oOePA5-136MYfEUTd2DAbU53no6h_v5KEw5HnM-WK8iOkwWj83lsOqN0hQV4EYNbKTwlXanTSE_s0h05_XuA2m4pETVQt1tB7y-bO7HQcUI7ZHATGa0LFp8Eg8SX-Pb8mMZRvgxOsIzTxbf3lrZ4k6cjNiGcWzTlKmBia9ZjCzvfjUAT_Q7gWL3PDMXieu65JzhsxyRAk.w5BTtR7BE0xoj_SgRQH_XTOjBr-PTRkrBuGKoY3nKAE%26dib_tag%3Dse%26qid%3D1731931939%26s%3Dfashion-mens-intl-ship%26sr%3D1-3-spons%26sp_csd%3Dd2lkZ2V0TmFtZT1zcF9hdGZfYnJvd3Nl%26psc%3D1","https://m.media-amazon.com/images/I/71Xi68AuJ5L._AC_UL320_.jpg","OUPINKE Men's Watch Automatic 44mm Big Dial Tungsten Steel Strap Date Waterproof Luxury Sapphire Crystal","368.","4.5 out of 5 stars"
"https://amazon.com/sspa/click?ie=UTF8&spc=MTo2MjI1NjI1OTk3NDE4Nzk5OjE3MzE5MzE5Mzk6c3BfYXRmX2Jyb3dzZTozMDAwMDc1NDk1MjE3MDI6OjA6Og&url=%2FBENYAR-Watches-Waterproof-Chronograph-Wristwatch%25EF%25BC%2588Green%25EF%25BC%2589%2Fdp%2FB0C6TP5LNF%2Fref%3Dsr_1_4_sspa%3Fdib%3DeyJ2IjoiMSJ9.r1thC-1IZxdNvm6vKWcrhmfgQrq-9RhsddyM1bKXXyYd4YA3tjWi6gMwyJGzvhtZ6KwPv-L7fXXPgBScbd1YHjzM1fkxgsuWt_oOePA5-136MYfEUTd2DAbU53no6h_v5KEw5HnM-WK8iOkwWj83lsOqN0hQV4EYNbKTwlXanTSE_s0h05_XuA2m4pETVQt1tB7y-bO7HQcUI7ZHATGa0LFp8Eg8SX-Pb8mMZRvgxOsIzTxbf3lrZ4k6cjNiGcWzTlKmBia9ZjCzvfjUAT_Q7gWL3PDMXieu65JzhsxyRAk.w5BTtR7BE0xoj_SgRQH_XTOjBr-PTRkrBuGKoY3nKAE%26dib_tag%3Dse%26qid%3D1731931939%26s%3Dfashion-mens-intl-ship%26sr%3D1-4-spons%26sp_csd%3Dd2lkZ2V0TmFtZT1zcF9hdGZfYnJvd3Nl%26psc%3D1","https://m.media-amazon.com/images/I/613m-YrCn0L._AC_UL320_.jpg","BENYAR Classic Fashion Quartz Chronograph Watch Casual Sport 30M Waterproof Leather Band Mens Watches","39.","4.5 out of 5 stars"
"https://amazon.com/SAMSUNG-Smartwatch-Wellness-Tracking-Manufacturer/dp/B0D1YLBBMB/ref=sr_1_5?dib=eyJ2IjoiMSJ9.r1thC-1IZxdNvm6vKWcrhmfgQrq-9RhsddyM1bKXXyYd4YA3tjWi6gMwyJGzvhtZ6KwPv-L7fXXPgBScbd1YHjzM1fkxgsuWt_oOePA5-136MYfEUTd2DAbU53no6h_v5KEw5HnM-WK8iOkwWj83lsOqN0hQV4EYNbKTwlXanTSE_s0h05_XuA2m4pETVQt1tB7y-bO7HQcUI7ZHATGa0LFp8Eg8SX-Pb8mMZRvgxOsIzTxbf3lrZ4k6cjNiGcWzTlKmBia9ZjCzvfjUAT_Q7gWL3PDMXieu65JzhsxyRAk.w5BTtR7BE0xoj_SgRQH_XTOjBr-PTRkrBuGKoY3nKAE&dib_tag=se&qid=1731931939&s=fashion-mens-intl-ship&sr=1-5","https://m.media-amazon.com/images/I/817QHxxq34L._AC_UL320_.jpg","Samsung Galaxy Watch Ultra 47mm LTE AI Smartwatch w/Energy Score, Wellness Tips, Heart Rate Tracking, Sleep Monitor, Fitness Tracker, GPS, 2024,Titanium Silver [US Version, 1Yr Manufacturer Warranty]","499.","4.4 out of 5 stars"
"https://amazon.com/Garmin-f%C4%93nix%C2%AE-Multisport-Long-Lasting-Built/dp/B0DD5PNZ8J/ref=sr_1_6?dib=eyJ2IjoiMSJ9.r1thC-1IZxdNvm6vKWcrhmfgQrq-9RhsddyM1bKXXyYd4YA3tjWi6gMwyJGzvhtZ6KwPv-L7fXXPgBScbd1YHjzM1fkxgsuWt_oOePA5-136MYfEUTd2DAbU53no6h_v5KEw5HnM-WK8iOkwWj83lsOqN0hQV4EYNbKTwlXanTSE_s0h05_XuA2m4pETVQt1tB7y-bO7HQcUI7ZHATGa0LFp8Eg8SX-Pb8mMZRvgxOsIzTxbf3lrZ4k6cjNiGcWzTlKmBia9ZjCzvfjUAT_Q7gWL3PDMXieu65JzhsxyRAk.w5BTtR7BE0xoj_SgRQH_XTOjBr-PTRkrBuGKoY3nKAE&dib_tag=se&qid=1731931939&s=fashion-mens-intl-ship&sr=1-6","https://m.media-amazon.com/images/I/51yv44icNkL._AC_UL320_.jpg","Garmin fēnix® 8 – 51 mm, Solar, Sapphire, Premium Multisport GPS Smartwatch, Long-Lasting Battery Life, Dive-Rated, Built-in LED Flashlight, Carbon Gray DLC Titanium with Pebble Gray Band","1,199.","5.0 out of 5 stars"
"https://amazon.com/Michael-Kors-Runway-Black-MK8507/dp/B01HEVAPSO/ref=sr_1_7?dib=eyJ2IjoiMSJ9.r1thC-1IZxdNvm6vKWcrhmfgQrq-9RhsddyM1bKXXyYd4YA3tjWi6gMwyJGzvhtZ6KwPv-L7fXXPgBScbd1YHjzM1fkxgsuWt_oOePA5-136MYfEUTd2DAbU53no6h_v5KEw5HnM-WK8iOkwWj83lsOqN0hQV4EYNbKTwlXanTSE_s0h05_XuA2m4pETVQt1tB7y-bO7HQcUI7ZHATGa0LFp8Eg8SX-Pb8mMZRvgxOsIzTxbf3lrZ4k6cjNiGcWzTlKmBia9ZjCzvfjUAT_Q7gWL3PDMXieu65JzhsxyRAk.w5BTtR7BE0xoj_SgRQH_XTOjBr-PTRkrBuGKoY3nKAE&dib_tag=se&qid=1731931939&s=fashion-mens-intl-ship&sr=1-7","https://m.media-amazon.com/images/I/71-32BOYPrL._AC_UL320_.jpg","Michael Kors Oversized Slim Runway Men's Watch, Stainless Steel Watch for Men","95.","4.7 out of 5 stars"
"https://amazon.com/Casio-F91W-1-Classic-Resin-Digital/dp/B000GAWSDG/ref=sr_1_8?dib=eyJ2IjoiMSJ9.r1thC-1IZxdNvm6vKWcrhmfgQrq-9RhsddyM1bKXXyYd4YA3tjWi6gMwyJGzvhtZ6KwPv-L7fXXPgBScbd1YHjzM1fkxgsuWt_oOePA5-136MYfEUTd2DAbU53no6h_v5KEw5HnM-WK8iOkwWj83lsOqN0hQV4EYNbKTwlXanTSE_s0h05_XuA2m4pETVQt1tB7y-bO7HQcUI7ZHATGa0LFp8Eg8SX-Pb8mMZRvgxOsIzTxbf3lrZ4k6cjNiGcWzTlKmBia9ZjCzvfjUAT_Q7gWL3PDMXieu65JzhsxyRAk.w5BTtR7BE0xoj_SgRQH_XTOjBr-PTRkrBuGKoY3nKAE&dib_tag=se&qid=1731931939&s=fashion-mens-intl-ship&sr=1-8","https://m.media-amazon.com/images/I/51Nk5SEBARL._AC_UL320_.jpg","Casio Men's Vintage F91W-1 Resin Strap Digital Sport Watch","13.","4.5 out of 5 stars"
"https://amazon.com/Casio-A158WA-1-Water-Resistant-Digital/dp/B000GAYQJ0/ref=sr_1_9?dib=eyJ2IjoiMSJ9.r1thC-1IZxdNvm6vKWcrhmfgQrq-9RhsddyM1bKXXyYd4YA3tjWi6gMwyJGzvhtZ6KwPv-L7fXXPgBScbd1YHjzM1fkxgsuWt_oOePA5-136MYfEUTd2DAbU53no6h_v5KEw5HnM-WK8iOkwWj83lsOqN0hQV4EYNbKTwlXanTSE_s0h05_XuA2m4pETVQt1tB7y-bO7HQcUI7ZHATGa0LFp8Eg8SX-Pb8mMZRvgxOsIzTxbf3lrZ4k6cjNiGcWzTlKmBia9ZjCzvfjUAT_Q7gWL3PDMXieu65JzhsxyRAk.w5BTtR7BE0xoj_SgRQH_XTOjBr-PTRkrBuGKoY3nKAE&dib_tag=se&qid=1731931939&s=fashion-mens-intl-ship&sr=1-9","https://m.media-amazon.com/images/I/611typKnTvL._AC_UL320_.jpg","Casio Men's Vintage A158WA-1 Water Resistant Digital Watch","19.","4.6 out of 5 stars"
"https://amazon.com/Casio-MDV106-1AV-Analog-Watch-Black/dp/B009KYJAJY/ref=sr_1_10?dib=eyJ2IjoiMSJ9.r1thC-1IZxdNvm6vKWcrhmfgQrq-9RhsddyM1bKXXyYd4YA3tjWi6gMwyJGzvhtZ6KwPv-L7fXXPgBScbd1YHjzM1fkxgsuWt_oOePA5-136MYfEUTd2DAbU53no6h_v5KEw5HnM-WK8iOkwWj83lsOqN0hQV4EYNbKTwlXanTSE_s0h05_XuA2m4pETVQt1tB7y-bO7HQcUI7ZHATGa0LFp8Eg8SX-Pb8mMZRvgxOsIzTxbf3lrZ4k6cjNiGcWzTlKmBia9ZjCzvfjUAT_Q7gWL3PDMXieu65JzhsxyRAk.w5BTtR7BE0xoj_SgRQH_XTOjBr-PTRkrBuGKoY3nKAE&dib_tag=se&qid=1731931939&s=fashion-mens-intl-ship&sr=1-10","https://m.media-amazon.com/images/I/61nHUVwR65L._AC_UL320_.jpg","Casio Men's MDV106-1AV 200 M WR Black Dive Watch (MDV106-1A)","50.","4.7 out of 5 stars"
"https://amazon.com/Citizen-Eco-Drive-Quartz-Stainless-Leather/dp/B06XYYF4BG/ref=sr_1_11?dib=eyJ2IjoiMSJ9.r1thC-1IZxdNvm6vKWcrhmfgQrq-9RhsddyM1bKXXyYd4YA3tjWi6gMwyJGzvhtZ6KwPv-L7fXXPgBScbd1YHjzM1fkxgsuWt_oOePA5-136MYfEUTd2DAbU53no6h_v5KEw5HnM-WK8iOkwWj83lsOqN0hQV4EYNbKTwlXanTSE_s0h05_XuA2m4pETVQt1tB7y-bO7HQcUI7ZHATGa0LFp8Eg8SX-Pb8mMZRvgxOsIzTxbf3lrZ4k6cjNiGcWzTlKmBia9ZjCzvfjUAT_Q7gWL3PDMXieu65JzhsxyRAk.w5BTtR7BE0xoj_SgRQH_XTOjBr-PTRkrBuGKoY3nKAE&dib_tag=se&qid=1731931939&s=fashion-mens-intl-ship&sr=1-11","https://m.media-amazon.com/images/I/81-K8IkjzVL._AC_UL320_.jpg","Citizen Men's Eco-Drive Weekender Brycen Chronograph Watch in Stainless Steel, Brown Leather strap, Ivory Dial (Model: CA0649-06X)","186.","4.6 out of 5 stars"
"https://amazon.com/Bulova-Marine-Star-98B350-Gunmetal/dp/B0845MXG7H/ref=sr_1_12?dib=eyJ2IjoiMSJ9.r1thC-1IZxdNvm6vKWcrhmfgQrq-9RhsddyM1bKXXyYd4YA3tjWi6gMwyJGzvhtZ6KwPv-L7fXXPgBScbd1YHjzM1fkxgsuWt_oOePA5-136MYfEUTd2DAbU53no6h_v5KEw5HnM-WK8iOkwWj83lsOqN0hQV4EYNbKTwlXanTSE_s0h05_XuA2m4pETVQt1tB7y-bO7HQcUI7ZHATGa0LFp8Eg8SX-Pb8mMZRvgxOsIzTxbf3lrZ4k6cjNiGcWzTlKmBia9ZjCzvfjUAT_Q7gWL3PDMXieu65JzhsxyRAk.w5BTtR7BE0xoj_SgRQH_XTOjBr-PTRkrBuGKoY3nKAE&dib_tag=se&qid=1731931939&s=fashion-mens-intl-ship&sr=1-12","https://m.media-amazon.com/images/I/61Be8caZ6gL._AC_UL320_.jpg","Bulova Men's Marine Star Series B Gray Ion Plated Stainless Steel 6-Hand Chronograph Quartz Watch, Red Dial Style: 98B350","213.","4.7 out of 5 stars"
"https://amazon.com/Casio-AE1200WHD-1A-Stainless-Steel-Digital/dp/B0094B79CI/ref=sr_1_13?dib=eyJ2IjoiMSJ9.r1thC-1IZxdNvm6vKWcrhmfgQrq-9RhsddyM1bKXXyYd4YA3tjWi6gMwyJGzvhtZ6KwPv-L7fXXPgBScbd1YHjzM1fkxgsuWt_oOePA5-136MYfEUTd2DAbU53no6h_v5KEw5HnM-WK8iOkwWj83lsOqN0hQV4EYNbKTwlXanTSE_s0h05_XuA2m4pETVQt1tB7y-bO7HQcUI7ZHATGa0LFp8Eg8SX-Pb8mMZRvgxOsIzTxbf3lrZ4k6cjNiGcWzTlKmBia9ZjCzvfjUAT_Q7gWL3PDMXieu65JzhsxyRAk.w5BTtR7BE0xoj_SgRQH_XTOjBr-PTRkrBuGKoY3nKAE&dib_tag=se&qid=1731931939&s=fashion-mens-intl-ship&sr=1-13","https://m.media-amazon.com/images/I/61tHR+SNWaL._AC_UL320_.jpg","Casio Men's Classic Stainless Steel Japanese-Quartz Stainless-Steel Strap, Silver, 21 Casual Watch (Model: AE1200WHD-1A)","27.","4.6 out of 5 stars"
"https://amazon.com/TOZO-S2-Waterproof-Touchscreen-Compatible/dp/B0BK1Q3G88/ref=sr_1_14?dib=eyJ2IjoiMSJ9.r1thC-1IZxdNvm6vKWcrhmfgQrq-9RhsddyM1bKXXyYd4YA3tjWi6gMwyJGzvhtZ6KwPv-L7fXXPgBScbd1YHjzM1fkxgsuWt_oOePA5-136MYfEUTd2DAbU53no6h_v5KEw5HnM-WK8iOkwWj83lsOqN0hQV4EYNbKTwlXanTSE_s0h05_XuA2m4pETVQt1tB7y-bO7HQcUI7ZHATGa0LFp8Eg8SX-Pb8mMZRvgxOsIzTxbf3lrZ4k6cjNiGcWzTlKmBia9ZjCzvfjUAT_Q7gWL3PDMXieu65JzhsxyRAk.w5BTtR7BE0xoj_SgRQH_XTOjBr-PTRkrBuGKoY3nKAE&dib_tag=se&qid=1731931939&s=fashion-mens-intl-ship&sr=1-14","https://m.media-amazon.com/images/I/613pEi4kmyL._AC_UL320_.jpg","TOZO S2 44mm Smart Watch Alexa Built-in Fitness Tracker with Heart Rate and Blood Oxygen Monitor,Sleep Monitor 5ATM Waterproof HD Touchscreen for Men Women Compatible with iPhone&Android Black","39.","4.1 out of 5 stars"
"https://amazon.com/Fossil-Quartz-Two-Tone-Stainless-Chronograph/dp/B00AG37H8Y/ref=sr_1_15?dib=eyJ2IjoiMSJ9.r1thC-1IZxdNvm6vKWcrhmfgQrq-9RhsddyM1bKXXyYd4YA3tjWi6gMwyJGzvhtZ6KwPv-L7fXXPgBScbd1YHjzM1fkxgsuWt_oOePA5-136MYfEUTd2DAbU53no6h_v5KEw5HnM-WK8iOkwWj83lsOqN0hQV4EYNbKTwlXanTSE_s0h05_XuA2m4pETVQt1tB7y-bO7HQcUI7ZHATGa0LFp8Eg8SX-Pb8mMZRvgxOsIzTxbf3lrZ4k6cjNiGcWzTlKmBia9ZjCzvfjUAT_Q7gWL3PDMXieu65JzhsxyRAk.w5BTtR7BE0xoj_SgRQH_XTOjBr-PTRkrBuGKoY3nKAE&dib_tag=se&qid=1731931939&s=fashion-mens-intl-ship&sr=1-15","https://m.media-amazon.com/images/I/71QoSMBhfVL._AC_UL320_.jpg","Fossil Dean Men's Dress Watch with Chronograph Display and Stainless Steel Bracelet Band","104.","4.6 out of 5 stars"
"https://amazon.com/Amazfit-Bluetooth-Calling-Tracking-Monitoring/dp/B0C7GJDZD7/ref=sr_1_16?dib=eyJ2IjoiMSJ9.r1thC-1IZxdNvm6vKWcrhmfgQrq-9RhsddyM1bKXXyYd4YA3tjWi6gMwyJGzvhtZ6KwPv-L7fXXPgBScbd1YHjzM1fkxgsuWt_oOePA5-136MYfEUTd2DAbU53no6h_v5KEw5HnM-WK8iOkwWj83lsOqN0hQV4EYNbKTwlXanTSE_s0h05_XuA2m4pETVQt1tB7y-bO7HQcUI7ZHATGa0LFp8Eg8SX-Pb8mMZRvgxOsIzTxbf3lrZ4k6cjNiGcWzTlKmBia9ZjCzvfjUAT_Q7gWL3PDMXieu65JzhsxyRAk.w5BTtR7BE0xoj_SgRQH_XTOjBr-PTRkrBuGKoY3nKAE&dib_tag=se&qid=1731931939&s=fashion-mens-intl-ship&sr=1-16","https://m.media-amazon.com/images/I/61ueYKWLNqL._AC_UL320_.jpg","Amazfit Bip 5 Smart Watch 46mm, GPS, Alexa Built-in, Bluetooth Calling, 10-Day Battery, Heart-Rate & VO2 Max, Sleep Health Monitoring, AI Fitness App,120+ Sports Modes, for Android & iPhone, Black","69.","4.0 out of 5 stars"
"https://amazon.com/sspa/click?ie=UTF8&spc=MTo2MjI1NjI1OTk3NDE4Nzk5OjE3MzE5MzE5Mzk6c3BfbXRmX2Jyb3dzZTozMDA0MDE1MzM2NzcxMDI6OjA6Og&url=%2FOLEVS-Leather-Watches-Waterproof-Numerals%2Fdp%2FB0CXMWFZNL%2Fref%3Dsr_1_17_sspa%3Fdib%3DeyJ2IjoiMSJ9.r1thC-1IZxdNvm6vKWcrhmfgQrq-9RhsddyM1bKXXyYd4YA3tjWi6gMwyJGzvhtZ6KwPv-L7fXXPgBScbd1YHjzM1fkxgsuWt_oOePA5-136MYfEUTd2DAbU53no6h_v5KEw5HnM-WK8iOkwWj83lsOqN0hQV4EYNbKTwlXanTSE_s0h05_XuA2m4pETVQt1tB7y-bO7HQcUI7ZHATGa0LFp8Eg8SX-Pb8mMZRvgxOsIzTxbf3lrZ4k6cjNiGcWzTlKmBia9ZjCzvfjUAT_Q7gWL3PDMXieu65JzhsxyRAk.w5BTtR7BE0xoj_SgRQH_XTOjBr-PTRkrBuGKoY3nKAE%26dib_tag%3Dse%26qid%3D1731931939%26s%3Dfashion-mens-intl-ship%26sr%3D1-17-spons%26sp_csd%3Dd2lkZ2V0TmFtZT1zcF9tdGZfYnJvd3Nl%26psc%3D1","https://m.media-amazon.com/images/I/71ZTRSLTtgL._AC_UL320_.jpg","OLEVS Mens Leather Watches,Date Watches for Men,Mens Leather Strap Watches,Waterproof Mens Watches,Simple Watches Men,Business Watches for Men,Roman Numerals Men's Watches,Reloj para Hombre","32.","4.0 out of 5 stars"
"https://amazon.com/sspa/click?ie=UTF8&spc=MTo2MjI1NjI1OTk3NDE4Nzk5OjE3MzE5MzE5Mzk6c3BfbXRmX2Jyb3dzZTozMDA0MjM5OTkzMTU3MDI6OjA6Og&url=%2FStauer-Automatic-Stainless-Guitar-Leather%2Fdp%2FB07QNMD9X5%2Fref%3Dsr_1_18_sspa%3Fdib%3DeyJ2IjoiMSJ9.r1thC-1IZxdNvm6vKWcrhmfgQrq-9RhsddyM1bKXXyYd4YA3tjWi6gMwyJGzvhtZ6KwPv-L7fXXPgBScbd1YHjzM1fkxgsuWt_oOePA5-136MYfEUTd2DAbU53no6h_v5KEw5HnM-WK8iOkwWj83lsOqN0hQV4EYNbKTwlXanTSE_s0h05_XuA2m4pETVQt1tB7y-bO7HQcUI7ZHATGa0LFp8Eg8SX-Pb8mMZRvgxOsIzTxbf3lrZ4k6cjNiGcWzTlKmBia9ZjCzvfjUAT_Q7gWL3PDMXieu65JzhsxyRAk.w5BTtR7BE0xoj_SgRQH_XTOjBr-PTRkrBuGKoY3nKAE%26dib_tag%3Dse%26qid%3D1731931939%26s%3Dfashion-mens-intl-ship%26sr%3D1-18-spons%26sp_csd%3Dd2lkZ2V0TmFtZT1zcF9tdGZfYnJvd3Nl%26psc%3D1","https://m.media-amazon.com/images/I/81zWn2zvMwL._AC_UL320_.jpg","Stauer Guitar Automatic Watch for Men – Unique Vintage Guitar-Shaped Analog Watch – Black Genuine Leather Watch Band – Stainless Steel Watch Case – Elegant Present for Men","159.","3.6 out of 5 stars"
"https://amazon.com/sspa/click?ie=UTF8&spc=MTo2MjI1NjI1OTk3NDE4Nzk5OjE3MzE5MzE5Mzk6c3BfbXRmX2Jyb3dzZToyMDAxMjg3NDg5NDA2OTg6OjA6Og&url=%2FBENYAR-Chronograph-Waterproof-Watches-Business%2Fdp%2FB071LJ9YW7%2Fref%3Dsr_1_19_sspa%3Fdib%3DeyJ2IjoiMSJ9.r1thC-1IZxdNvm6vKWcrhmfgQrq-9RhsddyM1bKXXyYd4YA3tjWi6gMwyJGzvhtZ6KwPv-L7fXXPgBScbd1YHjzM1fkxgsuWt_oOePA5-136MYfEUTd2DAbU53no6h_v5KEw5HnM-WK8iOkwWj83lsOqN0hQV4EYNbKTwlXanTSE_s0h05_XuA2m4pETVQt1tB7y-bO7HQcUI7ZHATGa0LFp8Eg8SX-Pb8mMZRvgxOsIzTxbf3lrZ4k6cjNiGcWzTlKmBia9ZjCzvfjUAT_Q7gWL3PDMXieu65JzhsxyRAk.w5BTtR7BE0xoj_SgRQH_XTOjBr-PTRkrBuGKoY3nKAE%26dib_tag%3Dse%26qid%3D1731931939%26s%3Dfashion-mens-intl-ship%26sr%3D1-19-spons%26sp_csd%3Dd2lkZ2V0TmFtZT1zcF9tdGZfYnJvd3Nl%26psc%3D1","https://m.media-amazon.com/images/I/713vWkRGhVL._AC_UL320_.jpg","BENYAR Quartz Chronograph Waterproof Watches Business and Sport Design Leather Band Strap Wrist Watch for Men","39.","4.3 out of 5 stars"
"https://amazon.com/sspa/click?ie=UTF8&spc=MTo2MjI1NjI1OTk3NDE4Nzk5OjE3MzE5MzE5Mzk6c3BfbXRmX2Jyb3dzZTozMDAxOTYxMjMxNDk1MDI6OjA6Og&url=%2FOLEVS-Automatic-Mechanical-Stainless-Waterproof%2Fdp%2FB0CYL6S8TZ%2Fref%3Dsr_1_20_sspa%3Fdib%3DeyJ2IjoiMSJ9.r1thC-1IZxdNvm6vKWcrhmfgQrq-9RhsddyM1bKXXyYd4YA3tjWi6gMwyJGzvhtZ6KwPv-L7fXXPgBScbd1YHjzM1fkxgsuWt_oOePA5-136MYfEUTd2DAbU53no6h_v5KEw5HnM-WK8iOkwWj83lsOqN0hQV4EYNbKTwlXanTSE_s0h05_XuA2m4pETVQt1tB7y-bO7HQcUI7ZHATGa0LFp8Eg8SX-Pb8mMZRvgxOsIzTxbf3lrZ4k6cjNiGcWzTlKmBia9ZjCzvfjUAT_Q7gWL3PDMXieu65JzhsxyRAk.w5BTtR7BE0xoj_SgRQH_XTOjBr-PTRkrBuGKoY3nKAE%26dib_tag%3Dse%26qid%3D1731931939%26s%3Dfashion-mens-intl-ship%26sr%3D1-20-spons%26sp_csd%3Dd2lkZ2V0TmFtZT1zcF9tdGZfYnJvd3Nl%26psc%3D1","https://m.media-amazon.com/images/I/71c7unfvG-L._AC_UL320_.jpg","OLEVS Men Automatic Watch Skeleton Mechanical Classic Luxury Business Diamond Stainless Steel Waterproof Luminous Date Calendar Wrist Watches for Men","128.","5.0 out of 5 stars"
"https://amazon.com/Bulova-3-Hand-Calendar-Quartz-Patterned/dp/B004TB226Q/ref=sr_1_21?dib=eyJ2IjoiMSJ9.r1thC-1IZxdNvm6vKWcrhmfgQrq-9RhsddyM1bKXXyYd4YA3tjWi6gMwyJGzvhtZ6KwPv-L7fXXPgBScbd1YHjzM1fkxgsuWt_oOePA5-136MYfEUTd2DAbU53no6h_v5KEw5HnM-WK8iOkwWj83lsOqN0hQV4EYNbKTwlXanTSE_s0h05_XuA2m4pETVQt1tB7y-bO7HQcUI7ZHATGa0LFp8Eg8SX-Pb8mMZRvgxOsIzTxbf3lrZ4k6cjNiGcWzTlKmBia9ZjCzvfjUAT_Q7gWL3PDMXieu65JzhsxyRAk.w5BTtR7BE0xoj_SgRQH_XTOjBr-PTRkrBuGKoY3nKAE&dib_tag=se&qid=1731931939&s=fashion-mens-intl-ship&sr=1-21","https://m.media-amazon.com/images/I/712M1W2Q9AL._AC_UL320_.jpg","Bulova Men's 3-Hand Calendar Date Quartz Watch, Patterned Dial, 38mm, Style: 96B149","161.","4.6 out of 5 stars"
"https://amazon.com/Citizen-Eco-Drive-Promaster-Diver-BN0151-09L/dp/B00PXVU3GM/ref=sr_1_22?dib=eyJ2IjoiMSJ9.r1thC-1IZxdNvm6vKWcrhmfgQrq-9RhsddyM1bKXXyYd4YA3tjWi6gMwyJGzvhtZ6KwPv-L7fXXPgBScbd1YHjzM1fkxgsuWt_oOePA5-136MYfEUTd2DAbU53no6h_v5KEw5HnM-WK8iOkwWj83lsOqN0hQV4EYNbKTwlXanTSE_s0h05_XuA2m4pETVQt1tB7y-bO7HQcUI7ZHATGa0LFp8Eg8SX-Pb8mMZRvgxOsIzTxbf3lrZ4k6cjNiGcWzTlKmBia9ZjCzvfjUAT_Q7gWL3PDMXieu65JzhsxyRAk.w5BTtR7BE0xoj_SgRQH_XTOjBr-PTRkrBuGKoY3nKAE&dib_tag=se&qid=1731931939&s=fashion-mens-intl-ship&sr=1-22","https://m.media-amazon.com/images/I/711Ptw4HSAS._AC_UL320_.jpg","Citizen Promaster Dive Eco-Drive Watch, 3-Hand Date, ISO Certified, Luminous Hands and Markers, Rotating Bezel, Blue/Stainless (Model: BN0151-09L)","191.","4.7 out of 5 stars"
"https://amazon.com/Fossil-Quartz-Stainless-Steel-Chronograph/dp/B008AXYWHQ/ref=sr_1_23?dib=eyJ2IjoiMSJ9.r1thC-1IZxdNvm6vKWcrhmfgQrq-9RhsddyM1bKXXyYd4YA3tjWi6gMwyJGzvhtZ6KwPv-L7fXXPgBScbd1YHjzM1fkxgsuWt_oOePA5-136MYfEUTd2DAbU53no6h_v5KEw5HnM-WK8iOkwWj83lsOqN0hQV4EYNbKTwlXanTSE_s0h05_XuA2m4pETVQt1tB7y-bO7HQcUI7ZHATGa0LFp8Eg8SX-Pb8mMZRvgxOsIzTxbf3lrZ4k6cjNiGcWzTlKmBia9ZjCzvfjUAT_Q7gWL3PDMXieu65JzhsxyRAk.w5BTtR7BE0xoj_SgRQH_XTOjBr-PTRkrBuGKoY3nKAE&dib_tag=se&qid=1731931939&s=fashion-mens-intl-ship&sr=1-23","https://m.media-amazon.com/images/I/71kbRVr8YfL._AC_UL320_.jpg","Fossil Nate Men's Watch with Oversized Chronograph Watch Dial and Stainless Steel or Leather Band","97.","4.5 out of 5 stars"
"https://amazon.com/Citizen-Eco-Drive-Japanese-Quartz-Diving-Stainless-Steel/dp/B071FBZLWN/ref=sr_1_24?dib=eyJ2IjoiMSJ9.r1thC-1IZxdNvm6vKWcrhmfgQrq-9RhsddyM1bKXXyYd4YA3tjWi6gMwyJGzvhtZ6KwPv-L7fXXPgBScbd1YHjzM1fkxgsuWt_oOePA5-136MYfEUTd2DAbU53no6h_v5KEw5HnM-WK8iOkwWj83lsOqN0hQV4EYNbKTwlXanTSE_s0h05_XuA2m4pETVQt1tB7y-bO7HQcUI7ZHATGa0LFp8Eg8SX-Pb8mMZRvgxOsIzTxbf3lrZ4k6cjNiGcWzTlKmBia9ZjCzvfjUAT_Q7gWL3PDMXieu65JzhsxyRAk.w5BTtR7BE0xoj_SgRQH_XTOjBr-PTRkrBuGKoY3nKAE&dib_tag=se&qid=1731931939&s=fashion-mens-intl-ship&sr=1-24","https://m.media-amazon.com/images/I/81tsBpWruuL._AC_UL320_.jpg","Citizen Eco-Drive Promaster Diver Mens Watch","239.","4.5 out of 5 stars"
"https://amazon.com/Casio-Digital-Sport-Watch-AE1500WH-1AV/dp/B08VNR3NRW/ref=sr_1_25?dib=eyJ2IjoiMSJ9.r1thC-1IZxdNvm6vKWcrhmfgQrq-9RhsddyM1bKXXyYd4YA3tjWi6gMwyJGzvhtZ6KwPv-L7fXXPgBScbd1YHjzM1fkxgsuWt_oOePA5-136MYfEUTd2DAbU53no6h_v5KEw5HnM-WK8iOkwWj83lsOqN0hQV4EYNbKTwlXanTSE_s0h05_XuA2m4pETVQt1tB7y-bO7HQcUI7ZHATGa0LFp8Eg8SX-Pb8mMZRvgxOsIzTxbf3lrZ4k6cjNiGcWzTlKmBia9ZjCzvfjUAT_Q7gWL3PDMXieu65JzhsxyRAk.w5BTtR7BE0xoj_SgRQH_XTOjBr-PTRkrBuGKoY3nKAE&dib_tag=se&qid=1731931939&s=fashion-mens-intl-ship&sr=1-25","https://m.media-amazon.com/images/I/61vAwF6wH0L._AC_UL320_.jpg","Casio Illuminator AE1500WH Series | 10-Year Battery | LED Backlight | 5-Alarms | 1/100 Sec Stopwatch | Men's Digital Watch","25.","4.6 out of 5 stars"
"https://amazon.com/Casio-G-Shock-DW9052-1BCG-Black-Resin/dp/B004IYZ17Q/ref=sr_1_26?dib=eyJ2IjoiMSJ9.r1thC-1IZxdNvm6vKWcrhmfgQrq-9RhsddyM1bKXXyYd4YA3tjWi6gMwyJGzvhtZ6KwPv-L7fXXPgBScbd1YHjzM1fkxgsuWt_oOePA5-136MYfEUTd2DAbU53no6h_v5KEw5HnM-WK8iOkwWj83lsOqN0hQV4EYNbKTwlXanTSE_s0h05_XuA2m4pETVQt1tB7y-bO7HQcUI7ZHATGa0LFp8Eg8SX-Pb8mMZRvgxOsIzTxbf3lrZ4k6cjNiGcWzTlKmBia9ZjCzvfjUAT_Q7gWL3PDMXieu65JzhsxyRAk.w5BTtR7BE0xoj_SgRQH_XTOjBr-PTRkrBuGKoY3nKAE&dib_tag=se&qid=1731931939&s=fashion-mens-intl-ship&sr=1-26","https://m.media-amazon.com/images/I/61vH4xPmZ-L._AC_UL320_.jpg","Casio - Mens Blk Digital G-Shock Watch (DW9052-1BCG)","52.","4.7 out of 5 stars"
"https://amazon.com/Timex-TW4B15500-Expedition-Scout-Slip-Thru/dp/B07FFBHM7F/ref=sr_1_27?dib=eyJ2IjoiMSJ9.r1thC-1IZxdNvm6vKWcrhmfgQrq-9RhsddyM1bKXXyYd4YA3tjWi6gMwyJGzvhtZ6KwPv-L7fXXPgBScbd1YHjzM1fkxgsuWt_oOePA5-136MYfEUTd2DAbU53no6h_v5KEw5HnM-WK8iOkwWj83lsOqN0hQV4EYNbKTwlXanTSE_s0h05_XuA2m4pETVQt1tB7y-bO7HQcUI7ZHATGa0LFp8Eg8SX-Pb8mMZRvgxOsIzTxbf3lrZ4k6cjNiGcWzTlKmBia9ZjCzvfjUAT_Q7gWL3PDMXieu65JzhsxyRAk.w5BTtR7BE0xoj_SgRQH_XTOjBr-PTRkrBuGKoY3nKAE&dib_tag=se&qid=1731931939&s=fashion-mens-intl-ship&sr=1-27","https://m.media-amazon.com/images/I/61iEiiJdITL._AC_UL320_.jpg","Timex Men's Expedition Scout 40mm Watch","37.","4.4 out of 5 stars"
"https://amazon.com/Bulova-Two-Tone-Stainless-Chronograph-Bracelet/dp/B0713STW5H/ref=sr_1_28?dib=eyJ2IjoiMSJ9.r1thC-1IZxdNvm6vKWcrhmfgQrq-9RhsddyM1bKXXyYd4YA3tjWi6gMwyJGzvhtZ6KwPv-L7fXXPgBScbd1YHjzM1fkxgsuWt_oOePA5-136MYfEUTd2DAbU53no6h_v5KEw5HnM-WK8iOkwWj83lsOqN0hQV4EYNbKTwlXanTSE_s0h05_XuA2m4pETVQt1tB7y-bO7HQcUI7ZHATGa0LFp8Eg8SX-Pb8mMZRvgxOsIzTxbf3lrZ4k6cjNiGcWzTlKmBia9ZjCzvfjUAT_Q7gWL3PDMXieu65JzhsxyRAk.w5BTtR7BE0xoj_SgRQH_XTOjBr-PTRkrBuGKoY3nKAE&dib_tag=se&qid=1731931939&s=fashion-mens-intl-ship&sr=1-28","https://m.media-amazon.com/images/I/81UGMITh00L._AC_UL320_.jpg","Bulova Men's Marine Star Series C Two-Tone Rose Gold Stainless Steel 6-Hand Chronograph Quartz Watch, Blue Dial Style: 98B301","296.","4.6 out of 5 stars"
"https://amazon.com/Seiko-SSK003-Automatic-Watch-Water-Resistant/dp/B0B6JVCYMN/ref=sr_1_29?dib=eyJ2IjoiMSJ9.r1thC-1IZxdNvm6vKWcrhmfgQrq-9RhsddyM1bKXXyYd4YA3tjWi6gMwyJGzvhtZ6KwPv-L7fXXPgBScbd1YHjzM1fkxgsuWt_oOePA5-136MYfEUTd2DAbU53no6h_v5KEw5HnM-WK8iOkwWj83lsOqN0hQV4EYNbKTwlXanTSE_s0h05_XuA2m4pETVQt1tB7y-bO7HQcUI7ZHATGa0LFp8Eg8SX-Pb8mMZRvgxOsIzTxbf3lrZ4k6cjNiGcWzTlKmBia9ZjCzvfjUAT_Q7gWL3PDMXieu65JzhsxyRAk.w5BTtR7BE0xoj_SgRQH_XTOjBr-PTRkrBuGKoY3nKAE&dib_tag=se&qid=1731931939&s=fashion-mens-intl-ship&sr=1-29","https://m.media-amazon.com/images/I/61qM4fZiIaL._AC_UL320_.jpg","Seiko SSK003 Automatic Watch for Men - 5 -Sports - Blue Dial with Date Calendar and Luminous Hands & Markers and Black & Blue GMT Bezel, 100m Water-Resistant","344.","4.6 out of 5 stars"
